project,language,commits,insertions,age,bugs,project_type,devs
4clojure,Clojure,629,9180,774,128,Application,21
4clojure,Javascript,75,39240,509,29,Application,10
AFIncrementalStore,Objective-C,196,5624,362,74,Library,24
AFNetworking,Objective-C,952,50099,962,403,Framework,128
ActionBar-PullToRefresh,Java,213,14657,192,68,Library,5
ActionBarSherlock,Java,796,225043,874,157,Library,42
Adaptive-Images,Php,42,1680,234,19,Application,6
Akavache,C#,345,24506,774,72,Database,12
AndEngine,Java,1603,284623,1147,313,Framework,29
Android-Universal-Image-Loader,Java,399,36907,761,150,Library,21
Android-ViewPagerIndicator,Java,121,10694,402,27,Library,18
App-perlbrew,Perl,86,440,1408,11,Other,17
Arduino,C,274,174509,2964,103,Other,15
Arduino,C++,445,91273,3025,155,Other,28
Arduino,Java,355,338300,2993,115,Other,17
AutoMapper,C#,403,94204,1787,126,Library,8
Background-Check,Javascript,35,5478,107,4,Library,1
BrowserQuest,Javascript,107,34976,190,82,Application,4
ChicagoBoss,Erlang,655,225539,1567,221,Application,45
CloudHaskell,Haskell,44,10546,397,8,Framework,3
Cockatrice,C++,874,69387,1772,361,CodeAnalyzer,15
Cockatrice,Typescript,154,159850,1200,32,CodeAnalyzer,14
CocoaAsyncSocket,Objective-C,257,60198,2084,122,Library,16
CocoaLumberjack,Objective-C,165,60843,1323,77,Framework,24
CocoaPods,Objective-C,49,21409,787,13,Library,5
CocoaPods,Ruby,1850,70077,884,462,Library,94
CodeIgniter,Javascript,69,3819,1889,6,Framework,11
CodeIgniter,Php,4012,289381,2703,1407,Framework,300
CoffeeScriptRedux,Coffeescript,428,13934,597,163,CodeAnalyzer,13
CoffeeScriptRedux,Javascript,469,108128,597,178,CodeAnalyzer,11
Compilify,C#,264,19358,492,25,CodeAnalyzer,3
Compilify,Javascript,123,89500,312,15,CodeAnalyzer,2
Craft,C,466,410623,286,71,Application,8
Craft,Python,111,1493,286,20,Application,2
CraftBukkit,Java,2306,222562,1125,1141,Library,33
DefinitelyTyped,Typescript,932,462145,325,192,Framework,187
DesignPatternsPHP,Php,197,8047,838,20,Middleware,26
DocSets-for-iOS,Objective-C,46,5010,377,7,Application,5
ECSlidingViewController,Objective-C,184,15464,715,45,Other,20
Effeckt.css,Javascript,80,5424,189,16,Library,9
Elm,Haskell,922,39924,637,273,Framework,23
Elm,Javascript,507,69927,637,171,Framework,20
Emysql,Erlang,214,18879,1485,73,Database,30
Faker,Php,368,44175,808,100,Library,99
FeatherCoin,C++,29,37048,203,5,Application,5
FlameGraph,Perl,41,1471,746,11,Application,10
FlatUIKit,Objective-C,92,3525,181,22,Other,36
Font-Awesome,Javascript,29,42849,626,9,Other,4
Futile,C#,347,53269,370,97,Framework,6
GMGridView,Objective-C,86,11403,206,27,Library,11
GPUImage,Objective-C,532,61828,665,185,Framework,75
GateOne,Javascript,459,49845,825,349,Application,3
GateOne,Python,523,91333,825,395,Application,10
Ghost,Javascript,800,103264,260,414,Framework,67
GoSublime,Go,151,76918,847,21,Application,1
GoSublime,Python,980,26712,852,182,Application,6
Goutte,Php,81,1970,1360,31,Application,31
GreenDroid,Java,41,12707,508,10,Library,3
Gumby,Javascript,196,3026,274,62,Framework,5
HaLVM,C,31,36850,1098,10,Library,2
HaLVM,Haskell,47,31350,1136,13,Library,3
Haskell-Pipes-Library,Haskell,796,49113,727,97,Library,23
Hystrix,Java,127,33455,594,58,Library,11
IHaskell,Haskell,212,41309,144,49,Middleware,4
ILSpy,C#,1448,1170621,970,434,CodeAnalyzer,18
Idris-dev,C,118,8937,840,34,CodeAnalyzer,13
Idris-dev,Haskell,1527,76382,859,457,CodeAnalyzer,44
Imagine,Php,459,35843,1266,150,Library,47
ImplicitCAD,Haskell,312,18489,601,102,CodeAnalyzer,13
Induction,Objective-C,84,12346,309,17,Database,2
JASidePanels,Objective-C,75,3104,479,20,Other,11
JSIL,C#,1637,118748,995,743,CodeAnalyzer,9
JSIL,Javascript,1519,194619,995,706,CodeAnalyzer,6
JSONKit,Objective-C,43,4763,716,22,Library,5
Keypress,Coffeescript,84,2783,468,20,Library,8
Keypress,Javascript,49,5446,468,16,Library,3
Korma,Clojure,209,5964,784,54,Database,26
LibreCAD,C++,1543,306807,1249,570,Library,26
LibreCAD,Typescript,93,1936007,1248,1,Library,11
LightTable,Clojure,197,25886,195,58,Library,8
LightTable,Javascript,69,536617,195,27,Library,4
MBProgressHUD,Objective-C,125,3817,1628,33,Other,30
MPFoldTransition,Objective-C,38,3194,558,5,Other,3
MagicalRecord,Objective-C,355,45437,1253,156,Database,36
MahApps.Metro,C#,611,59093,1085,188,Framework,50
Mailpile,Javascript,130,33642,813,32,Framework,4
Mailpile,Python,992,48361,815,293,Framework,12
Mantle,Objective-C,254,13601,490,56,Framework,16
MetroLog,C#,63,20755,402,12,Middleware,4
Midje,Clojure,1784,90141,1288,270,Framework,22
MiniProfiler,C#,304,65144,932,66,CodeAnalyzer,45
MiniProfiler,Go,45,51830,900,2,CodeAnalyzer,1
MiniProfiler,Javascript,113,104319,932,39,CodeAnalyzer,24
MiniProfiler,Ruby,155,6575,881,49,CodeAnalyzer,29
Mobile-Detect,Php,208,12982,1702,39,Application,14
MonoGame,C#,3216,500170,1585,1161,Framework,186
MultiMarkdown,Perl,45,12240,535,15,Framework,1
MuseScore,C++,2512,574043,617,1363,Framework,30
MySQLTuner-perl,Perl,70,3602,1421,31,Database,6
Nancy,C#,2370,164254,1719,670,Framework,158
Nancy,Javascript,30,4851,1634,3,Framework,5
Nancy,Ruby,53,824,1655,9,Framework,7
NavigationController,Javascript,70,3473,359,15,Framework,3
NavigationController,Typescript,93,2895,359,20,Framework,5
Newtonsoft.Json,C#,532,312660,2324,305,Framework,7
NineOldAndroids,Java,56,27553,200,12,Library,7
OpenELEC.tv,Python,176,7985,1739,38,Application,14
OpenEmu,C,71,573323,1553,11,Framework,12
OpenEmu,C++,56,985853,1545,10,Framework,10
OpenEmu,Objective-C,2559,238769,1831,874,Framework,40
OpenSubdiv,C++,338,84920,626,191,Library,18
OwlCarousel,Javascript,45,5646,221,16,Database,7
PHP-CS-Fixer,Php,181,6387,612,122,CodeAnalyzer,46
PHPExcel,Php,689,352597,1231,255,Library,29
PaperFold-for-iOS,Objective-C,91,6012,505,32,Middleware,10
PhotoView,Java,125,7565,434,39,Library,9
Play20,Java,469,70511,854,117,Framework,63
Play20,Javascript,70,116822,771,18,Framework,17
Play20,Scala,2131,218652,859,647,Framework,169
Polycode,C++,654,115638,975,327,Framework,23
Polycode,Objective-C,31,1124,936,14,Framework,2
Polycode,Python,71,10192,968,31,Framework,7
PonyDebugger,Objective-C,113,33576,560,35,Framework,16
PredictionIO,Javascript,61,42512,325,8,Framework,3
PredictionIO,Scala,412,68600,357,71,Framework,3
Probabilistic-Programming-and-Bayesian-Methods-for-Hackers,Python,29,1843,316,2,Other,5
ProjectTox-Core,C,965,71533,210,377,Middleware,90
Projects,Python,44,1276,157,3,CodeAnalyzer,1
ProtoShares,C++,1959,198061,1547,609,Application,87
ProtoShares,Typescript,76,301095,1362,14,Application,9
PushSharp,C#,257,36162,538,106,Library,20
QGIS,C,93,945469,4220,43,Application,17
QGIS,C++,12004,1325572,4233,5184,Application,114
QGIS,Perl,144,3779,4232,23,Application,15
QGIS,Python,2050,359497,4226,976,Application,79
QGIS,Typescript,1780,14801451,4233,180,Application,66
Quantum-GIS,C,94,945469,4220,44,Application,17
Quantum-GIS,C++,11997,1325358,4233,5177,Application,114
Quantum-GIS,Perl,144,3779,4232,23,Application,15
Quantum-GIS,Python,2049,359359,4226,975,Application,79
Quantum-GIS,Typescript,1780,14801451,4233,180,Application,66
QuickDialog,Objective-C,480,16320,852,205,Other,63
QuoJS,Coffeescript,367,16194,748,107,Library,18
QuoJS,Javascript,349,42635,713,41,Library,10
Ratchet,Php,337,33555,838,102,Library,12
ReactiveCocoa,Objective-C,2325,74826,676,327,Framework,43
ReactiveMongo,Scala,294,34670,633,74,Database,24
ReactiveUI,C#,565,71016,817,160,Framework,11
RedPhone,Java,93,28191,543,34,Application,6
RestKit,Objective-C,1893,185350,1603,711,Framework,73
RestKit,Ruby,99,27011,1579,37,Framework,10
RestSharp,C#,557,54216,1521,198,Library,101
Rex,Perl,37,127,1017,8,Framework,2
RxJava,Java,835,195886,669,207,Library,39
RxJava,Scala,242,28676,668,32,Library,12
SDWebImage,Objective-C,283,8651,1579,135,Library,61
SVProgressHUD,Objective-C,181,2746,973,57,Application,33
SeeGit,C#,77,3713,650,18,Application,18
ServiceStack,C#,2488,815076,1855,623,Application,192
ServiceStack,Javascript,120,90135,1855,19,Application,7
ShareKit,Objective-C,706,227853,1288,302,Application,84
Shelly.hs,Haskell,196,8699,701,49,Library,12
Shimmer,C#,585,58416,658,111,Framework,7
Sick-Beard,Javascript,294,21095,1504,96,Application,19
Sick-Beard,Python,2437,190921,1524,1052,Application,90
SignalR,C#,2473,228603,824,721,Library,47
SignalR,Javascript,824,749697,824,263,Library,24
Silex,Php,531,17911,1198,154,Framework,52
Simple.Data,C#,573,78575,1243,177,Database,40
Sirea,Haskell,219,50920,412,19,Framework,1
Slic3r,C++,146,12497,869,22,CodeAnalyzer,5
Slic3r,Perl,312,2231,864,41,CodeAnalyzer,9
SlidingMenu,Java,193,81777,527,64,Library,21
Slim,Php,848,48544,1165,213,Framework,49
SocketRocket,Objective-C,59,3578,503,16,Library,6
SparkleShare,C#,2708,296372,1324,839,Framework,63
SpeedCrunch,C,97,60116,2424,36,Framework,6
SpeedCrunch,C++,944,105166,2708,330,Framework,12
SpeedCrunch,Typescript,164,761128,2706,21,Framework,11
StateTree,Typescript,32,1115,118,8,Library,1
TideSDK,C++,768,330720,1330,284,Framework,20
TideSDK,Javascript,464,291531,1380,140,Framework,18
TideSDK,Php,29,1307,1380,11,Framework,7
TideSDK,Python,219,51710,1325,77,Framework,17
TideSDK,Ruby,34,22626,1380,12,Framework,6
TodoTxtJs,Javascript,106,52243,508,31,Application,1
TodoTxtJs,Typescript,72,10904,508,23,Application,1
Torque3D,C#,63,279486,412,30,Framework,9
Torque3D,C++,165,695085,421,89,Framework,22
TrinityCore,C,54,536574,1910,18,Framework,16
TrinityCore,C++,14083,4646267,1935,7153,Framework,302
Tweetian,Javascript,56,16199,243,13,Framework,3
Twig,C,125,3054,1546,40,Framework,12
Twig,Php,1224,42794,1551,446,Framework,70
ViewDeck,Objective-C,382,13892,531,146,Application,53
VsVim,C#,1871,309419,1512,676,Middleware,12
WebAPIContrib,C#,158,32066,622,28,Library,17
WhatsAPI,Php,410,29050,587,128,Application,38
WordPress,Javascript,3026,319374,3946,1473,Other,38
WordPress,Php,21712,726818,3945,11861,Other,49
Workless,Php,28,9934,804,2,Framework,1
XVim,Objective-C,650,55463,636,337,Framework,31
YouCompleteMe,C++,192,1140280,638,65,CodeAnalyzer,9
YouCompleteMe,Python,450,58247,642,163,CodeAnalyzer,26
_s,Php,174,3232,696,0,CodeAnalyzer,40
accelerate,Haskell,985,99003,1644,165,CodeAnalyzer,16
ack,Perl,97,425,2031,12,Application,6
active_admin,Coffeescript,39,1628,1358,11,Framework,13
active_admin,Javascript,64,30702,1297,9,Framework,9
active_admin,Ruby,1404,53249,1376,397,Framework,169
aeson,Haskell,311,14307,1084,71,Library,35
akka,Java,1131,368821,1796,229,Other,43
akka,Python,33,803,1761,8,Other,10
akka,Scala,8874,982806,1796,2042,Other,107
aleph,Clojure,537,30034,1145,103,Library,21
algebird,Scala,347,29180,522,54,Framework,33
alpaca,Go,50,1877,201,7,Library,1
alpaca,Javascript,31,1808,200,6,Library,1
alpaca,Php,37,1420,200,8,Library,2
alpaca,Python,31,1053,201,6,Library,2
alpaca,Ruby,30,1166,200,9,Library,1
altsql-shell,Perl,34,400,367,6,Database,3
anchor-cms,Javascript,92,4553,775,36,Application,9
anchor-cms,Php,857,88042,957,234,Application,44
android,Java,1573,110468,755,326,Application,6
android,Javascript,37,20029,750,1,Application,4
android-async-http,Java,280,22277,1049,94,Library,52
android-pulltorefresh,Java,50,1022,1025,18,Library,10
androidannotations,Java,852,147888,1117,260,Framework,40
androidquery,Java,517,70517,927,60,Database,6
angular.js,Javascript,2988,396570,16090,1457,Framework,31
annotator,Coffeescript,489,18507,1609,123,Application,13
annotator,Javascript,196,50470,1579,40,Application,3
anoncoin,C++,2037,204322,1574,622,Application,89
anoncoin,Typescript,82,309668,1561,17,Application,11
antimicro,C++,288,45619,399,92,Framework,3
antimicro,Typescript,41,46917,395,2,Framework,3
appirater,Objective-C,44,852,1495,17,Application,22
appjs,C++,166,7793,143,51,Framework,6
appjs,Javascript,197,42132,143,51,Framework,5
asi-http-request,Objective-C,656,40737,1992,270,Application,38
assetic,Php,674,28170,1102,177,Library,77
async,Javascript,129,7234,1104,28,Library,33
atmosphere,Java,3055,224960,1362,1330,Framework,64
atmosphere,Javascript,645,724831,1232,305,Framework,21
atpl.js,Javascript,129,28532,519,73,Framework,1
atpl.js,Typescript,112,12679,499,68,Framework,1
aura,Haskell,634,26572,635,138,Framework,24
azure-sdk-for-net,C#,311,961702,766,65,Framework,19
backbone,Javascript,1200,105029,1202,379,Application,166
backbone.offline,Coffeescript,36,3803,508,13,Application,7
backbone.offline,Javascript,34,31077,525,7,Application,7
batman,Coffeescript,2115,84047,1097,613,Application,66
batman,Javascript,1458,407694,1026,382,Application,29
beanstalkd,C,489,20749,2085,129,Application,14
beego,Go,523,34951,664,199,Framework,36
better_errors,Ruby,164,2396,380,38,Application,26
bitcask,C,101,4963,1340,26,Database,10
bitcask,Erlang,354,14398,1379,104,Database,25
bitcoin,C++,2396,436625,1617,743,Application,111
bitcoin,Python,39,4372,1602,10,Application,14
bitcoin,Typescript,90,886679,1614,15,Application,9
bitcoin-qt-i2p,C++,1985,236870,1567,622,Application,85
bitcoin-qt-i2p,Typescript,77,409164,1362,15,Application,10
blackfriday,Go,125,14922,940,26,CodeAnalyzer,9
blueeyes,Scala,1597,177150,1114,325,Framework,18
bokeh,Coffeescript,1257,164190,661,239,Application,9
bokeh,Javascript,300,1075606,665,46,Application,7
bokeh,Python,992,40651,666,202,Application,26
bones,Javascript,34,1375,1041,5,Application,5
bones,Php,183,6807,1111,54,Application,36
boom,Go,51,1086,12,8,CodeAnalyzer,5
bootstrap,Javascript,1012,251330,999,297,Framework,111
bootstrap-sass,Javascript,64,13132,865,11,Framework,9
bootstrap-sass,Ruby,208,3481,865,47,Framework,17
boto,Python,3890,201084,2700,1555,Application,339
bottle,Python,873,21454,1661,346,Framework,54
bourbon,Ruby,81,389,1060,7,Library,7
bower,Javascript,886,41513,474,339,Application,43
brackets,Javascript,6445,833424,774,1872,Application,180
brackets-app,C++,78,8595,196,22,Application,9
brackets-app,Javascript,61,1640,265,11,Application,9
breeze,Scala,1450,284871,1997,209,Library,29
browser-diet,Coffeescript,34,257,707,10,Other,9
brunch,Coffeescript,987,20171,1080,269,Application,42
brunch,Javascript,252,189798,913,42,Application,11
build-webos,Python,55,131,91,7,Application,6
c2,Clojure,274,5749,709,36,Library,6
cabal,Haskell,3818,267613,3552,1137,Framework,140
cakephp,Php,13753,1645998,3171,6506,Library,220
cancan,Ruby,274,8208,1379,70,Library,44
capistrano,Ruby,137,5170,351,40,Framework,17
capnproto,Haskell,83,6750,179,14,Middleware,3
capybara,Ruby,1163,35611,1526,244,Framework,156
carrierwave,Ruby,888,34128,1949,214,Framework,156
cascalog,Clojure,699,31722,1366,126,Library,24
cascalog,Java,136,15227,1331,29,Library,7
cassovary,Scala,63,8217,692,7,Library,8
ccv,C,472,65109,1441,65,Library,6
ccv,Ruby,29,786,1304,1,Library,1
celluloid,Ruby,903,18461,998,190,Framework,55
cheddar-ios,Objective-C,81,9126,329,28,Application,11
cheshire,Clojure,253,3834,1022,27,Library,15
chosen,Coffeescript,363,5118,966,83,Library,48
chosen,Javascript,301,12762,804,71,Library,37
chruby,Ruby,46,160,490,7,Application,4
cjdns,C,1325,223331,1054,405,Library,34
cjdns,Javascript,111,37573,1053,17,Library,7
cjdns,Python,31,3010,1018,6,Library,8
clank,Javascript,56,51352,215,18,Framework,4
cli,Go,81,2259,177,11,Application,10
clj-http,Clojure,493,6977,1265,90,Application,50
clojure,C#,144,15589,547,6,CodeAnalyzer,1
clojure,Clojure,1237,70111,2850,312,CodeAnalyzer,6
clojure,Java,1364,151753,2850,260,CodeAnalyzer,5
clojure-koans,Clojure,166,4299,1456,25,CodeAnalyzer,22
clojure-scheme,Clojure,1540,83375,766,313,CodeAnalyzer,28
clojurec,C,97,3161,434,7,Framework,5
clojurec,Clojure,334,49216,554,33,Framework,5
clojurescript,Clojure,1708,44944,961,369,CodeAnalyzer,26
clooj,Clojure,533,10752,891,102,Library,11
cocos2d-x,C,158,2747175,1249,68,Library,31
cocos2d-x,C++,5996,3287227,1294,3697,Library,228
cocos2d-x,Java,346,53830,1290,195,Library,38
cocos2d-x,Javascript,245,169861,1281,149,Library,23
cocos2d-x,Objective-C,147,62822,1281,99,Library,24
cocos2d-x,Python,151,98176,1294,62,Library,32
codecombat,Coffeescript,206,53722,36,63,CodeAnalyzer,40
codeigniter-restserver,Php,177,73085,1669,55,Library,60
coffee-script,C#,62,3087,18,7,CodeAnalyzer,1
coffee-script,Coffeescript,2469,71454,1491,876,CodeAnalyzer,112
coffee-script,Javascript,2066,107320,1472,775,CodeAnalyzer,85
coffee-script,Ruby,345,35703,66,63,CodeAnalyzer,2
coffeekup,Coffeescript,106,2446,391,30,Framework,7
coffeekup,Javascript,37,3488,366,8,Framework,4
compass,Ruby,1072,31891,1929,298,Application,55
compojure,Clojure,639,22178,2009,105,Library,15
composer,Php,2560,87710,1015,1011,Framework,238
conduit,Haskell,599,28968,774,80,Application,44
contrib,C,39,1413,443,7,Framework,2
core,Javascript,2482,399413,1409,778,Framework,77
core,Php,10363,1435688,1409,3053,Framework,188
core.async,Clojure,224,21836,212,62,CodeAnalyzer,12
core.logic,Clojure,1511,51500,1132,301,Library,4
couchdb,C,70,10808,2014,32,Database,12
couchdb,Erlang,1435,118426,2114,549,Database,26
couchdb,Javascript,1239,245447,2121,430,Database,27
couchdb,Python,42,1192,2092,14,Database,5
course,Haskell,234,32084,879,66,Other,6
course,Scala,79,5037,799,7,Other,3
cowboy,Erlang,684,32097,1018,219,Middleware,54
cphalcon,C,1411,11962986,735,493,Framework,40
cphalcon,Php,511,81360,727,183,Framework,23
cqrs-journey-code,C#,640,118246,157,126,Application,6
craftcoin,C++,32,32341,228,5,Application,5
criterium,Clojure,75,4013,1493,12,Library,2
csscss,Ruby,124,4098,133,34,CodeAnalyzer,3
d3,Javascript,2230,268504,1204,673,Library,61
dagger,Java,262,46824,570,83,CodeAnalyzer,19
dapper-dot-net,C#,423,41698,901,103,Application,45
darner,C++,95,3403,234,22,Middleware,3
datacoin,C++,2021,200961,1554,620,Application,90
datacoin,Typescript,84,308739,1554,14,Application,12
datacoin-hp,C++,2078,202590,1577,629,Application,90
datacoin-hp,Typescript,84,308739,1554,14,Application,12
daux.io,Php,41,8480,190,13,Application,21
derby,Coffeescript,505,22588,900,207,Framework,8
derby,Javascript,450,16726,1007,198,Framework,13
deuce,Clojure,506,35180,644,48,Library,7
devise,Ruby,1636,42481,1576,346,Framework,174
diaspora,Javascript,1703,182360,1315,458,Application,86
diaspora,Ruby,6262,159033,1315,1487,Application,175
disco,C,96,12987,1753,30,Framework,3
disco,Erlang,963,46206,2197,312,Framework,13
disco,Javascript,67,23778,2067,21,Framework,6
disco,Python,1313,53355,2197,395,Framework,22
disruptor,Java,543,71544,1009,66,Library,14
distributed-process,Haskell,592,66495,431,107,Library,11
django,Javascript,177,30778,3055,129,Framework,24
django,Python,10545,674402,3113,7558,Framework,160
django-crispy-forms,Python,499,15108,1750,160,Middleware,46
django-social-auth,Python,938,22244,1146,192,Other,156
django-tastypie,Python,526,28199,1345,181,Library,27
docco,Coffeescript,121,2053,1268,25,CodeAnalyzer,20
docco,Javascript,90,3329,1577,26,CodeAnalyzer,17
docker,Go,2483,167504,364,726,Middleware,137
docker,Python,45,1717,360,21,Middleware,12
docopt,Python,305,7820,565,66,CodeAnalyzer,17
docpad,Coffeescript,599,49668,1038,284,Framework,25
docpad,Javascript,47,6616,671,15,Framework,2
doctrine2,Php,6129,1009997,2832,2153,Library,267
dogecoin,C++,31,40007,18,12,Application,8
domina,Clojure,143,3930,724,36,Library,12
dommy,Clojure,188,3609,292,33,Library,20
doozerd,Go,1357,61554,1019,131,Framework,5
doppio,Coffeescript,1304,58928,710,406,CodeAnalyzer,8
doppio,Java,253,25780,595,87,CodeAnalyzer,5
doppio,Javascript,66,27234,708,28,CodeAnalyzer,5
doppio,Ruby,51,1796,571,9,CodeAnalyzer,3
doppio,Typescript,332,137439,721,103,CodeAnalyzer,3
dotless,C#,609,160194,1590,218,Library,26
drag-sort-listview,Java,99,25180,284,35,Library,10
drip,Java,47,996,155,9,Framework,3
dropbox-js,Coffeescript,230,30469,463,76,Library,7
dropwizard,Java,887,129628,1092,196,Library,77
dropwizard,Scala,157,5640,792,20,Library,2
dropzone,Coffeescript,356,9840,702,77,Library,20
dropzone,Javascript,274,93667,702,36,Library,2
ebot,Erlang,176,9693,356,25,Database,3
eco,Coffeescript,56,2101,467,4,Framework,2
eco,Javascript,28,1544,467,2,Framework,2
edis,Erlang,321,18644,899,32,Database,8
ejabberd,C,86,11674,3860,28,Application,7
ejabberd,Erlang,2022,274892,4063,737,Application,17
elasticsearch,Java,5907,1801882,1440,1206,Framework,35
elli,Erlang,224,5616,673,39,Middleware,10
ember.js,Javascript,3602,498630,995,1156,Framework,318
enlive,Clojure,232,5362,1816,46,Framework,10
eredis,Erlang,51,2579,970,13,Database,13
erlcloud,Erlang,216,25253,1378,69,Library,21
erlydtl,Erlang,438,45881,2254,170,Framework,31
etcd,Go,704,384254,225,214,Middleware,23
express,Javascript,2846,65387,1668,499,Framework,82
fabric,Python,1741,62886,2181,488,Other,54
facebook-android-sdk,Java,370,100615,1310,160,Framework,23
facebook-csharp-sdk,C#,1010,265316,1004,139,Framework,9
facebook-csharp-sdk,Javascript,65,1476713,880,15,Framework,4
facebook-csharp-sdk,Ruby,116,4698,580,5,Framework,4
facebook-ios-sdk,Objective-C,361,73571,1302,177,Framework,29
facebook-php-sdk,Php,161,7604,1334,44,Framework,38
fake-s3,Ruby,36,2125,630,12,Middleware,6
fay,Haskell,664,33203,546,147,CodeAnalyzer,19
fay,Javascript,86,3336,464,24,CodeAnalyzer,5
finagle,Java,123,46867,1124,22,Middleware,20
finagle,Scala,1771,151039,1151,362,Middleware,77
fish-shell,C,1040,82876,2324,353,Application,15
fish-shell,C++,992,176648,3041,457,Application,17
fish-shell,Javascript,31,51597,3000,3,Application,3
fish-shell,Python,111,7694,3000,41,Application,14
flask,Python,734,22654,1371,245,Framework,61
flockdb,Scala,444,18274,723,83,Database,17
fluent-nhibernate,C#,1126,205595,1968,323,CodeAnalyzer,59
fmdb,Objective-C,148,7479,1291,45,Database,27
focuswriter,C++,612,37154,1923,214,Other,1
focuswriter,Typescript,101,174305,1900,13,Other,3
folly,C++,361,52723,596,126,Library,5
folsom,Erlang,199,13885,1029,45,Library,23
foundation,Javascript,1285,328817,825,341,Framework,157
foundation,Php,288,44366,299,104,Framework,21
foundation,Ruby,227,2986,771,39,Framework,18
fpm,Python,30,445,1022,7,Application,11
fpm,Ruby,702,12643,1103,243,Application,106
fr_public,C++,206,690717,442,88,Framework,7
frak,Clojure,34,1008,27,2,Library,3
framework,Php,2231,137645,375,673,Framework,230
framework,Scala,1638,269878,1462,588,Framework,57
freicoin,C++,1975,198935,1605,622,Application,85
freicoin,Typescript,80,320780,1584,14,Application,10
friend,Clojure,137,2293,564,27,Library,15
fsnotify,Go,133,4853,825,50,Middleware,17
gatling,Java,196,40068,914,47,Framework,14
gatling,Javascript,36,1727,959,1,Framework,7
gatling,Scala,2449,153158,964,378,Framework,32
generator-angular,Javascript,217,93817,499,116,CodeAnalyzer,22
generator-mobile,Javascript,48,21998,223,17,CodeAnalyzer,7
geocouch,Erlang,166,12497,874,40,Database,9
geocouch,Javascript,28,2748,499,6,Database,4
ghc,C,3857,448599,6582,1499,Library,102
ghc,Haskell,9799,722295,6585,2512,Library,178
ghc,Python,345,6033,6534,88,Library,25
git,C,12155,423535,3200,4565,Other,15
git,Perl,94,3508,3014,29,Other,7
git,Python,248,16567,3155,90,Other,5
git-annex,C,32,1124,1145,9,Other,1
git-annex,Haskell,4330,220956,1198,1039,Other,10
gitbucket,Scala,787,20786,282,272,Framework,17
giter8,Scala,192,3545,1251,36,Framework,14
github-backup,Haskell,80,10112,662,20,Library,1
githug,Ruby,206,5223,664,51,Framework,57
gitit,Haskell,742,21852,1888,168,Application,18
gitlabhq,Coffeescript,222,4211,833,54,Application,38
gitlabhq,Javascript,228,183379,826,66,Application,30
gitlabhq,Ruby,3363,106630,833,1181,Application,211
gitlist,Javascript,29,2852,483,9,Framework,6
gitlist,Php,203,22445,483,93,Framework,32
gizzard,Scala,900,36117,794,132,Framework,27
glances,Python,393,18878,777,117,Middleware,19
glue,Python,166,4794,698,63,Framework,10
gmaps,Javascript,167,14474,790,44,Library,32
gmvault,Python,739,34795,601,248,Middleware,6
goagain,Go,45,1908,813,7,Library,4
gobook,Go,172,3050,1308,33,Other,7
gobyexample,Go,482,53003,490,48,Other,27
gocode,Go,378,24256,1292,111,CodeAnalyzer,10
goldendict,C,47,11826,1835,17,Framework,6
goldendict,Typescript,289,302771,1787,27,Framework,21
goose,Java,78,8973,544,15,Framework,5
goose,Scala,67,9095,672,11,Framework,8
gor,Go,134,6403,202,43,Framework,9
gorp,Go,131,6270,746,40,Library,19
goworker,Go,65,1433,139,11,Database,3
gproc,Erlang,141,19121,1747,48,Library,18
grape,Ruby,467,18107,1253,140,Library,95
graphene,Coffeescript,36,851,624,11,Framework,15
graphene,Javascript,35,24763,624,8,Framework,11
ground,Javascript,610,59260,872,139,Framework,7
ground,Typescript,710,44481,874,170,Framework,3
grunt,Javascript,399,42030,376,80,Framework,7
grunt-ts,Javascript,88,4946,229,21,Framework,8
grunt-ts,Typescript,85,9829,229,20,Framework,8
grunt-typescript,Javascript,62,4697,435,8,CodeAnalyzer,14
guard,Ruby,961,44459,1202,255,Framework,95
guzzle,Php,1136,185549,1052,351,Framework,93
habitrpg,Coffeescript,1386,29102,715,343,Application,24
habitrpg,Javascript,1091,286297,719,339,Application,22
habitrpg,Ruby,65,1635,86,12,Application,1
hackney,Erlang,185,10344,549,77,Library,15
hadoop-book,Java,82,28541,1644,4,Other,1
hakyll,Haskell,826,29056,1509,137,Library,34
hallo,Coffeescript,368,9747,859,106,Database,25
hallo,Javascript,213,96865,859,49,Database,17
hammer.js,Coffeescript,59,446,671,18,Library,4
hammer.js,Javascript,277,37079,684,93,Library,50
handlebars.js,Javascript,619,32776,1267,152,Framework,47
handlebars.js,Ruby,73,1270,1191,16,Framework,11
haste-compiler,Haskell,524,64264,721,135,CodeAnalyzer,9
haste-compiler,Javascript,129,7186,704,52,CodeAnalyzer,7
hbro,Haskell,132,12327,629,22,Middleware,1
heka,C,45,4545,454,27,CodeAnalyzer,4
heka,Go,1092,69213,464,268,CodeAnalyzer,24
heka,Javascript,48,74753,464,7,CodeAnalyzer,4
helios,Ruby,30,822,104,8,Framework,4
hesokuri,Clojure,182,6505,200,34,Middleware,2
hiccup,Clojure,181,4871,1528,25,Library,18
hiphop-php,C,36,581352,1393,14,Middleware,5
hiphop-php,C++,6328,4759104,1444,3180,Middleware,21
hiphop-php,Php,1816,1281216,1444,850,Middleware,10
hiphop-php,Python,198,3875,1444,81,Middleware,4
homebrew,Ruby,26154,258741,1705,4817,Application,54
homebrew-cask,Ruby,2881,21575,681,227,Application,424
html5-boilerplate,Javascript,111,372438,1409,27,Framework,27
httpie,Python,296,11786,682,86,Framework,24
hubble,Coffeescript,34,908,351,8,Framework,4
hubot,Coffeescript,530,10319,866,132,Library,130
hubot-scripts,Coffeescript,1630,45772,860,299,Application,614
huginn,Ruby,169,12441,315,33,Framework,12
hugo,Go,243,11582,199,75,CodeAnalyzer,10
huxley,Python,47,2511,203,8,Framework,4
hw,C,180,236159,3088,68,Other,9
hw,C++,1971,87982,3088,575,Other,47
hw,Haskell,828,23061,3088,202,Other,11
hw,Java,138,39679,3074,37,Other,5
hw,Objective-C,494,54241,3088,124,Other,4
hw,Typescript,387,268121,3069,56,Other,39
hydrogen,C++,1365,173020,2394,444,Other,18
hydrogen,Typescript,60,142868,2269,5,Other,6
iCarousel,Objective-C,164,55361,1010,59,Library,7
iCheck,Javascript,43,3479,301,14,Database,9
iago,Scala,32,9342,573,8,CodeAnalyzer,5
ibrowse,Erlang,94,8875,3124,37,Middleware,22
identifi,C++,70,41385,278,17,Application,1
impress.js,Javascript,89,1915,576,16,Framework,7
incanter,Clojure,784,123967,1764,168,Library,79
incubator-spark,Java,184,17080,1389,67,Library,28
incubator-spark,Python,255,25346,1392,69,Library,27
incubator-spark,Scala,3748,379876,1392,1003,Library,134
influxdb,C,32,8129,113,14,Database,2
influxdb,Go,430,32949,113,159,Database,5
ink,Php,50,142631,113,8,Framework,4
instaparse,Clojure,322,11186,331,62,CodeAnalyzer,6
intentionjs,Javascript,171,82514,440,14,Library,7
ipython,Javascript,1199,317635,3114,289,Framework,47
ipython,Python,8692,683067,3114,2650,Framework,238
isla,Javascript,81,3395,332,3,CodeAnalyzer,1
jQuery-File-Upload,Javascript,429,18678,1145,134,Database,26
jQuery-File-Upload,Php,123,4487,1141,46,Database,12
jade,Javascript,1101,77127,1313,284,Framework,55
jayq,Clojure,75,939,701,12,Database,10
jedis,Java,416,55261,1316,90,Framework,40
jekyll,Ruby,1094,18470,1911,275,CodeAnalyzer,179
jenkins,Java,9315,377631,2632,3116,Framework,231
jenkins,Javascript,468,217304,2620,154,Framework,28
joxa,Erlang,178,664347,518,55,Framework,4
jq,C,249,33850,527,81,CodeAnalyzer,9
jquery,Javascript,4513,299406,2858,2282,Library,78
jquery,Php,75,1330,2806,34,Library,17
jquery-bracket,Typescript,29,3072,414,5,Library,1
jquery-endless-scroll,Javascript,41,1254,867,12,Database,6
jquery-mobile,Javascript,6039,596467,1224,1822,Framework,142
jquery-mobile,Php,712,108892,1223,151,Framework,35
jquery-pjax,Javascript,218,38539,880,47,Database,24
jquery-ui,Javascript,4218,676904,2065,2102,Library,81
jquery.payment,Coffeescript,28,900,138,5,Library,6
jquery.transit,Javascript,92,5323,698,33,Database,16
json-framework,Objective-C,505,27315,2101,126,Framework,18
jsx,Erlang,611,50173,1337,135,Application,13
julia,C,2078,221306,1609,990,CodeAnalyzer,58
julia,C++,882,37458,1609,399,CodeAnalyzer,26
julia,Javascript,88,11546,1453,16,CodeAnalyzer,15
julia,Objective-C,44,2126,1512,6,CodeAnalyzer,6
julia,Python,57,1548,1599,14,CodeAnalyzer,10
kafka,Java,48,5731,844,10,CodeAnalyzer,8
kafka,Python,40,6932,899,4,CodeAnalyzer,6
kafka,Scala,574,87096,898,123,CodeAnalyzer,12
kaminari,Ruby,353,9379,1075,78,Other,53
kestrel,Scala,695,34813,1656,129,Middleware,28
kibit,Clojure,172,2568,570,30,CodeAnalyzer,18
kudu,C#,1451,104518,939,483,Application,26
kudu,Javascript,248,166908,942,78,Application,9
lager,Erlang,259,11889,871,95,Framework,26
lamdu,Haskell,2627,144472,802,199,CodeAnalyzer,3
lamina,Clojure,575,43355,1031,106,Library,19
laravel,Php,2723,195336,955,652,Framework,190
legit,Python,130,2003,907,19,Other,23
lein-cljsbuild,Clojure,254,5952,743,75,Framework,22
leiningen,Clojure,2269,28131,1530,714,Framework,127
leksah,Haskell,788,127814,2417,202,Application,16
lens,Haskell,2217,86607,539,402,Framework,55
less.js,Javascript,1163,245690,1421,443,CodeAnalyzer,70
lessphp,Php,369,12562,1570,104,CodeAnalyzer,21
lfe,Erlang,148,23500,1840,39,Other,6
libCello,C,120,27409,526,36,CodeAnalyzer,12
libgdx,C,63,410473,1169,22,Framework,8
libgdx,C#,35,1002,1309,15,Framework,3
libgdx,C++,271,688897,1395,96,Framework,14
libgdx,Java,5374,1240526,1415,2252,Framework,209
libgit2,C,4013,339614,1905,1465,Library,114
libsass,C,71,11191,82,11,CodeAnalyzer,2
libsass,C++,827,71017,718,174,CodeAnalyzer,19
libuv,C,2037,202880,1033,818,Library,11
lila,C#,46,311,683,3,Library,1
lila,Javascript,666,36121,695,104,Library,5
lila,Perl,62,373,684,4,Library,1
lila,Scala,2750,173515,697,428,Library,5
lime,Go,164,25401,297,37,Application,7
lime,Python,28,444,20,6,Application,1
linux,C,305361,27056685,3199,121302,Middleware,437
linux,Perl,715,25236,3136,317,Middleware,34
linux,Python,68,4533,2958,40,Middleware,12
litecoin,C++,2031,200947,1594,630,Application,88
litecoin,Typescript,81,305654,1453,17,Application,10
llgo,Go,557,67698,822,196,CodeAnalyzer,9
logplex,Erlang,1373,29827,1160,221,Framework,14
lua-nginx-module,C,1177,63451,1377,645,Other,20
luerl,Erlang,133,23289,565,35,Library,7
luvit,C,359,52877,853,106,Library,20
macvim,C,3640,493007,3448,405,Application,5
macvim,C++,38,4276,3249,4,Application,2
macvim,Objective-C,700,66188,3422,248,Application,4
mailcheck,Javascript,34,28548,654,10,Library,10
martini,Go,153,3186,77,18,Library,26
massive,C#,71,5163,834,26,Database,27
meck,Erlang,182,8405,1288,49,Library,21
megacoin,C++,1939,202142,1540,600,Application,87
megacoin,Typescript,77,438884,1540,14,Application,10
memcached,C,598,21692,3860,243,Middleware,44
memorycoin,C++,2007,201595,1620,628,Application,88
memorycoin,Typescript,76,301095,1362,14,Application,9
messenger,Coffeescript,99,3555,306,40,Application,7
messenger,Javascript,107,41952,307,35,Application,7
meteor,Javascript,3921,487074,791,874,Framework,37
metrics,Java,825,107754,1391,192,Application,74
metrics,Scala,186,11208,1110,20,Application,8
mezzanine,Javascript,127,15958,1307,46,Framework,29
mezzanine,Python,1728,42054,1317,527,Framework,121
middleman,Javascript,48,152368,1382,17,Framework,7
middleman,Ruby,1245,710961,1618,372,Framework,59
mirall,C,1638,72928,2171,563,Middleware,7
mirall,C++,1579,60877,2171,574,Middleware,26
mirall,Perl,49,2308,2147,15,Middleware,5
mirall,Typescript,347,525768,2170,4,Middleware,8
misaki,Clojure,496,28488,417,136,CodeAnalyzer,7
misultin,Erlang,251,14448,918,44,Library,7
mochiweb,Erlang,305,21979,2250,108,Library,29
modern-cljs,Clojure,159,19094,442,8,Library,6
mojo,Perl,153,1547,1897,29,Framework,3
moment,Javascript,1174,146230,1052,263,CodeAnalyzer,176
mongo,C,29,363957,2075,8,Database,5
mongo,C++,15319,958189,2283,3453,Database,94
mongo,Javascript,5424,200919,2282,1325,Database,81
mongo,Python,548,24249,2279,110,Database,37
mongo-csharp-driver,C#,1383,550622,1326,383,Database,25
mono,C,17568,1008590,4608,7366,Library,171
mono,C#,61113,9087186,4606,23260,Library,439
mono,C++,68,1058,4546,24,Library,7
mono,Javascript,197,625233,4262,81,Library,28
mono,Perl,182,6246,4570,41,Library,31
mono,Python,40,1224,4294,12,Library,6
monodevelop,C,57,4055,2435,54,Framework,4
monodevelop,C#,22456,5829989,3040,11333,Framework,141
monodroid-samples,C#,373,130886,1246,122,CodeAnalyzer,33
morris.js,Coffeescript,190,7526,628,51,Library,29
morris.js,Javascript,176,55938,629,44,Library,25
mosh,C++,282,21139,406,51,Application,1
mousetrap,Javascript,248,19561,500,57,Library,12
mruby,C,1801,98493,631,341,CodeAnalyzer,88
mruby,Ruby,547,14769,637,130,CodeAnalyzer,35
mumble,C,69,5374,2841,13,Middleware,5
mumble,C++,3202,212327,3080,801,Middleware,22
mumble,Objective-C,38,2439,2544,8,Middleware,3
mumble,Perl,164,6931,3056,26,Middleware,6
mumble,Python,137,6069,2937,28,Middleware,6
mumble,Typescript,406,756828,3013,53,Middleware,11
mustache.php,Php,366,23951,1392,116,Application,17
mysql,C,9407,2885963,4854,6564,Database,507
mysql,C++,2526,1049524,4614,1919,Database,161
mysql,Javascript,44,1689,4614,31,Database,22
mysql,Perl,1312,113789,4831,821,Database,179
mythtv,C,1277,2115705,4296,683,Other,46
mythtv,C++,21442,1839994,4296,9973,Other,68
mythtv,Javascript,130,53912,4249,44,Other,9
mythtv,Perl,487,45432,4212,152,Other,29
mythtv,Php,29,1315,4210,15,Other,15
mythtv,Python,959,152089,4293,458,Other,37
mythtv,Typescript,892,3276751,4276,163,Other,26
n2o,Erlang,317,37506,280,57,Framework,8
n2o,Javascript,50,25364,112,4,Framework,3
namecoin,C++,558,134447,1612,183,Application,41
namecoin-qt,C++,559,134480,1600,185,Application,41
namecoinq,C++,557,134438,1510,183,Application,41
netty,Java,4811,872059,1990,1746,Framework,39
nginx-tutorials,Perl,49,2111,466,8,Other,3
ngrok,Go,183,13149,305,60,Framework,9
nhibernate-core,C#,5455,1294905,3988,1814,Library,59
nimbus,Objective-C,1001,99703,954,188,Framework,69
ninject,C#,294,86748,1776,102,Library,20
nitrogen,Erlang,339,68035,1753,88,Framework,26
nitrogen,Javascript,72,39006,802,24,Framework,6
node,C,520,746143,1786,84,Framework,8
node,Javascript,4677,812264,1796,1777,Framework,18
node,Python,317,335891,1793,73,Framework,9
node-canvas,Javascript,394,7827,1035,47,Framework,10
node-fibers,Javascript,42,1011,897,23,Library,2
node-imdb-api,Javascript,29,934,517,9,Library,4
node-serialport,C++,47,5047,1198,20,Library,22
node-serialport,Javascript,127,4143,1227,42,Library,27
node-webkit,C++,34,5574,256,7,Application,1
node-webkit,Javascript,214,26562,770,45,Application,11
node.bcrypt.js,Javascript,42,1652,1345,14,Library,6
noir,Clojure,182,3560,392,64,Framework,19
novocaine,Objective-C,36,1905,525,12,Middleware,10
nsq,Go,626,38550,611,136,Framework,13
nu,Objective-C,357,70734,2110,112,CodeAnalyzer,18
nui,Objective-C,159,8622,418,32,Application,25
numpy,C,2858,1256157,4415,1390,Library,68
numpy,Python,6987,597366,4414,2805,Library,163
octopi,C++,300,22646,346,151,Library,5
octopi,Typescript,83,57188,347,24,Library,2
octopress,Javascript,80,27869,1264,26,Framework,10
octopress,Ruby,170,7973,1492,49,Framework,33
odometer,Coffeescript,87,1566,59,28,Library,5
odometer,Javascript,87,2546,44,26,Library,3
offline,Coffeescript,46,1579,49,17,Application,2
offline,Javascript,59,2048,50,18,Application,2
oj,C,276,18242,699,75,CodeAnalyzer,11
oj,Ruby,237,8017,700,62,CodeAnalyzer,7
om,Clojure,271,4333,47,33,Framework,1
omniauth,Ruby,656,25290,1393,136,Middleware,141
one,Clojure,104,6160,67,20,CodeAnalyzer,5
openFrameworks,C++,3494,421695,2104,1172,Framework,115
openFrameworks,Java,158,10497,2098,60,Framework,9
openFrameworks,Objective-C,63,10398,2061,16,Framework,12
opencv,C,111,478654,1284,29,Library,15
opencv,C++,6353,2108855,1349,2515,Library,189
opencv,Java,466,124749,1325,176,Library,22
opencv,Objective-C,30,3612,1211,2,Library,2
opencv,Python,803,141459,1340,241,Library,46
openh264,C++,66,92965,82,19,Library,13
oriDomi,Coffeescript,414,6588,503,64,CodeAnalyzer,4
oriDomi,Javascript,49,4628,503,4,CodeAnalyzer,2
otp,C,1469,426746,1473,553,Framework,55
otp,C++,61,55189,1462,28,Framework,4
otp,Erlang,5115,2478423,1476,1724,Framework,112
otp,Java,34,20929,1257,13,Framework,13
otto,Go,334,56331,471,103,CodeAnalyzer,2
otto,Java,44,8800,370,7,CodeAnalyzer,11
overtone,Clojure,2390,167759,1594,536,Library,42
pace,Coffeescript,69,1656,123,20,Application,4
pace,Javascript,69,2052,124,17,Application,6
packer,Go,1816,84683,303,275,Framework,74
pallet,Clojure,1755,105685,1430,547,Middleware,12
pandas,C,199,145827,1543,87,Library,13
pandas,Python,5836,376996,1628,2525,Library,135
pandoc,Haskell,2738,106532,2646,678,Library,41
pandoc,Perl,42,977,2628,10,Library,3
paperclip,Ruby,1031,31470,2350,286,Library,97
pat,Go,32,681,169,5,Library,3
pattern,Javascript,66,24021,1020,25,Application,2
pattern,Python,620,166730,1058,151,Application,22
pcbsd,C,40,18823,302,19,Middleware,2
pcbsd,C++,600,188381,303,244,Middleware,8
pcbsd,Typescript,212,8110640,303,11,Middleware,4
pdf.js,Javascript,3019,260306,997,1017,CodeAnalyzer,101
pdf.js,Python,111,3077,793,24,CodeAnalyzer,10
pdf2htmlEX,C,63,1714,525,20,Application,3
pdf2htmlEX,Javascript,41,3877,459,9,Application,1
pdf2htmlEX,Python,44,567,457,8,Application,2
pedestal,Clojure,446,32281,286,81,Framework,36
phabricator,Javascript,499,57482,1093,187,Framework,19
phabricator,Php,5998,709195,1098,2238,Framework,107
phantomjs,C++,491,1800101,1111,317,Library,31
phantomjs,Coffeescript,107,2434,1106,43,Library,10
phantomjs,Javascript,411,129326,1112,240,Library,27
phantomjs,Python,299,72933,526,83,Library,6
phaser,Javascript,633,1315288,299,200,Framework,32
phaser,Php,208,31092,299,60,Framework,4
phaser,Typescript,210,356931,299,67,Framework,12
phonegap-plugins,Java,252,165079,1370,39,Framework,100
phonegap-plugins,Javascript,479,240084,1370,71,Framework,160
phonegap-plugins,Objective-C,345,76721,1370,102,Framework,92
php-src,C,41154,4922903,5401,21848,CodeAnalyzer,299
php-src,C++,142,20089,5311,57,CodeAnalyzer,29
php-src,Java,59,3839,5371,7,CodeAnalyzer,10
php-src,Javascript,201,11854,4903,49,CodeAnalyzer,19
php-src,Php,2632,102088,5399,815,CodeAnalyzer,119
phpredis,C,487,26174,1467,192,Library,25
phpredis,Php,247,7620,1467,74,Library,12
phpunit,Php,3357,282126,2761,831,Framework,113
picasso,Java,270,21307,336,62,Library,31
platform_development,C,166,56260,1868,70,Framework,36
platform_development,C#,39,843,1311,13,Framework,10
platform_development,C++,532,193924,1857,266,Framework,47
platform_development,Java,1593,887044,1931,576,Framework,156
platform_development,Python,154,22606,1812,79,Framework,33
platform_frameworks_base,C,408,188537,1659,160,Framework,69
platform_frameworks_base,C#,442,9681,1850,89,Framework,27
platform_frameworks_base,C++,7329,1389697,1915,3992,Framework,297
platform_frameworks_base,Java,25254,4284943,1913,15957,Framework,637
platform_frameworks_base,Javascript,75,8726,1836,14,Framework,25
platform_frameworks_base,Python,97,7317,1770,46,Framework,16
playframework,Java,469,70511,854,117,Framework,63
playframework,Javascript,70,116822,771,18,Framework,17
playframework,Scala,2130,218650,859,646,Framework,169
plumbing,Clojure,95,6970,349,22,Library,8
plupload,C#,39,11221,1112,17,Library,9
plupload,Javascript,554,33786,1526,182,Library,31
plupload,Php,50,1136,1525,19,Library,7
pokerth,C,102,187957,2420,13,Other,2
pokerth,C#,29,9764,1398,4,Other,1
pokerth,C++,2572,237252,2553,887,Other,8
pokerth,Java,87,122254,2523,21,Other,3
pokerth,Typescript,180,756339,2576,26,Other,8
poolboy,Erlang,70,2844,1169,21,Database,10
pow,Coffeescript,248,5490,1154,43,Other,7
pow,Javascript,213,21049,1154,32,Other,6
powerline,Python,584,22876,437,217,Other,13
ppcoin,C++,1514,178291,1609,481,Framework,62
ppcoin,Typescript,49,136352,1345,18,Framework,10
presto,Java,2017,464704,528,359,Database,14
primecoin,C++,2102,203262,1620,641,Application,89
primecoin,Typescript,84,305201,1620,14,Application,12
processing-js,Javascript,1919,268784,2010,616,CodeAnalyzer,58
proper,Erlang,301,45710,1287,88,Framework,11
puma,C,143,18788,2843,29,Middleware,15
puma,Java,35,9491,2843,6,Middleware,9
puma,Ruby,885,38716,2877,268,Middleware,72
purescript,Haskell,189,15922,110,54,CodeAnalyzer,4
pyapns,Python,37,901,1078,12,Application,3
python-for-android,Java,69,8489,780,25,Application,11
python-for-android,Python,62,16028,736,20,Application,16
python-mode,Python,140,258085,816,55,Other,12
python-patterns,Python,63,2862,589,18,Other,21
qBittorrent,C++,2682,105019,2682,1150,Other,32
qBittorrent,Javascript,118,19207,2676,47,Other,5
qBittorrent,Python,124,11173,2674,54,Other,5
qBittorrent,Typescript,867,1570757,2675,117,Other,14
qml,C++,69,2363,105,13,CodeAnalyzer,1
qml,Go,130,6230,105,23,CodeAnalyzer,2
quartznet,C#,603,267509,2569,217,Middleware,21
quil,Clojure,200,21776,1655,39,CodeAnalyzer,20
quine-relay,Ruby,51,2004,112,14,CodeAnalyzer,6
qupzilla,C++,1645,123632,1071,683,Application,19
qupzilla,Php,77,2220,744,24,Application,12
qupzilla,Typescript,678,823418,1072,117,Application,30
rabbitmq-server,Erlang,7602,195871,2024,1105,Middleware,30
rabbitmq-server,Python,65,1087,1950,13,Middleware,11
rails,Javascript,217,147582,3141,57,Library,30
rails,Ruby,28240,1181687,3344,7187,Library,1382
rakudo,C,319,7533,2857,86,CodeAnalyzer,14
rakudo,Java,94,3215,2768,22,CodeAnalyzer,4
rakudo,Perl,375,6094,2858,110,CodeAnalyzer,41
ranch,Erlang,74,4452,604,27,Middleware,11
rauth,Python,236,11691,598,63,Library,20
ravendb,C#,12940,2877246,2259,3994,Database,169
ravendb,Javascript,385,764845,2231,143,Database,37
razor-qt,C++,1383,156740,1242,428,Other,36
razor-qt,Typescript,92,122815,948,15,Other,19
rebar,Erlang,876,24907,1512,316,Framework,72
recess,Javascript,31,47927,491,14,Framework,15
redcarpet,C,152,18760,1025,48,CodeAnalyzer,22
redcarpet,Ruby,149,2697,1025,45,CodeAnalyzer,26
reddit,Javascript,444,48573,2038,82,Framework,17
reddit,Python,3028,131737,2038,607,Framework,24
redis,C,2025,151724,1606,691,Database,44
redis,Ruby,71,6024,1108,11,Database,6
redis-py,Python,429,14953,1518,120,Library,86
rendr,Coffeescript,283,8665,179,52,Library,7
rendr,Javascript,298,26062,440,66,Library,29
requests,Python,1747,80993,1065,445,Library,245
requirejs,Javascript,782,146488,1563,288,Framework,24
resume.github.com,Javascript,78,2232,1033,14,CodeAnalyzer,27
rethinkdb,Coffeescript,1422,61694,1567,559,Database,18
rethinkdb,Javascript,380,371714,1559,111,Database,17
rethinkdb,Python,2018,118825,1567,599,Database,35
rethinkdb,Ruby,535,42234,1566,185,Database,16
retinajs,Javascript,30,8422,309,6,Library,8
reveal.js,Javascript,569,17993,909,105,Framework,75
revel,Go,583,28681,758,192,Framework,59
riak,Erlang,1753,182066,1624,191,Other,50
riak,Javascript,51,7822,349,12,Other,9
riemann,Clojure,564,25186,706,109,Middleware,47
ring,Clojure,336,10728,1197,56,Library,24
roboguice,Java,530,36737,1609,133,Library,20
robotquest,Haskell,113,4550,220,9,Library,1
robotquest,Javascript,56,4772,220,4,Library,1
rootbeer1,C,120,5290,526,26,CodeAnalyzer,4
rootbeer1,Java,395,72016,526,85,CodeAnalyzer,10
roots,Javascript,93,24930,1029,13,Framework,17
roots,Php,527,16087,1029,150,Framework,60
roundcubemail,Javascript,1331,239069,3033,624,Application,19
roundcubemail,Php,2664,305500,3035,1157,Application,39
rq,Python,408,8531,787,111,Library,37
ruby,C,15299,961635,5847,4764,CodeAnalyzer,74
ruby,Ruby,13677,1356515,5848,4450,CodeAnalyzer,80
rvm,Ruby,172,3278,1601,43,Other,17
salt,Python,15278,396106,1064,4873,Middleware,625
sass,Ruby,3044,90615,2746,849,Library,35
sbt,Java,149,3219,1655,49,Framework,10
sbt,Python,33,521,1612,9,Framework,1
sbt,Scala,2527,174799,1663,841,Framework,31
sbt-idea,Scala,261,5143,1451,76,Framework,15
scalatra,Scala,1562,73693,1695,323,Framework,58
scalaz,Haskell,39,1146,646,2,Library,3
scalaz,Scala,3356,186035,1871,416,Library,96
scalding,Ruby,66,2062,739,14,Library,22
scalding,Scala,907,65350,735,161,Library,77
scaloid,Scala,302,76094,461,41,Library,12
scikit-learn,C,439,1214972,1461,110,Library,27
scikit-learn,C++,143,82978,1452,40,Library,19
scikit-learn,Python,10883,620170,1475,3110,Library,186
scoobi,Scala,1328,97078,909,420,Framework,17
scotty,Haskell,117,3989,707,22,Framework,11
scrapy,Python,2674,171436,2030,715,Library,77
scribe,C++,74,8095,1881,37,Middleware,9
scribe-java,Java,224,9845,1227,36,Library,37
scriptcs,C#,438,28117,306,122,Application,32
securesocial,Java,53,5532,706,15,Framework,9
securesocial,Scala,91,5481,762,37,Framework,21
seesaw,Clojure,817,34374,1009,150,Library,23
select2,Javascript,685,10288,686,363,Database,187
serf,Go,437,20644,101,54,Framework,8
shapeless,Scala,500,44617,839,35,CodeAnalyzer,22
shark,Java,35,1963,642,4,Database,9
shark,Scala,725,63617,642,131,Database,34
shellcheck,Haskell,294,10020,440,71,CodeAnalyzer,1
shotcut,C++,600,38901,838,232,Application,2
shotcut,Typescript,54,53974,837,4,Application,1
showdown,Javascript,57,5705,1450,17,CodeAnalyzer,9
sidekiq,Javascript,35,25613,624,2,Framework,18
sidekiq,Ruby,825,14148,725,211,Framework,138
simple_form,Ruby,809,23982,1504,172,Database,69
sinatra,Ruby,1181,42413,2313,357,Framework,87
skeuocard,Coffeescript,62,4765,46,29,Application,3
skeuocard,Javascript,69,5310,46,31,Application,2
skynet,C,264,29982,530,111,Middleware,7
slate,Javascript,34,770,643,24,Application,1
slate,Objective-C,304,19970,643,166,Application,13
slick,Scala,826,101364,1792,187,CodeAnalyzer,15
smallchange,C++,1449,186405,1349,434,CodeAnalyzer,72
smallchange,Typescript,46,166498,1175,11,CodeAnalyzer,8
snap,Haskell,417,23269,1310,101,Library,27
snowflake,Scala,187,2818,933,32,CodeAnalyzer,13
socket.io,Javascript,783,34338,986,260,Framework,42
socketstream,Coffeescript,289,18871,949,71,Library,30
socketstream,Javascript,289,64191,1094,76,Library,27
sortable,Javascript,63,27854,211,6,Library,3
spark,Java,125,15367,1277,43,Framework,18
spark,Python,184,22873,1277,47,Framework,17
spark,Scala,2529,276547,1277,688,Framework,92
spire,Scala,713,99530,807,186,Library,13
spray,Scala,1884,213704,1048,464,Library,42
spree,Coffeescript,87,2659,2117,52,Framework,10
spree,Javascript,494,238913,2122,201,Framework,18
spree,Ruby,7866,628291,2156,2821,Framework,58
spring-framework,Java,5784,2531997,2016,2145,Framework,33
springside4,Java,444,67342,695,64,Framework,4
sqitch,Perl,54,159,256,6,Database,2
sqlite-net,C#,173,29665,1266,66,Database,33
sqlmap,Python,4990,162792,1918,2088,Framework,14
sshuttle,Python,158,6467,797,48,Middleware,4
statsd,Javascript,207,5152,1112,59,Framework,59
statsd,Python,48,442,1097,14,Framework,6
stitch,Coffeescript,51,1867,676,7,CodeAnalyzer,5
stitch,Javascript,50,1901,775,7,CodeAnalyzer,5
storm,Clojure,803,42871,815,175,Other,38
storm,Java,643,152486,814,167,Other,37
storm,Python,43,18423,815,6,Other,8
stream-lib,Java,150,19670,1034,45,Library,22
sublime-typescript,Python,28,924,96,12,CodeAnalyzer,3
subsurface,C,1833,64018,893,715,Other,16
subsurface,C++,1362,31265,893,537,Other,8
subsurface,Typescript,28,296582,865,0,Other,1
summingbird,Scala,612,41936,481,134,Library,11
swagger-core,Java,96,21721,903,13,Library,13
swagger-core,Scala,312,37695,903,67,Library,25
symfony,Php,9799,945333,1475,4039,Framework,561
sync,Erlang,60,2282,1215,22,CodeAnalyzer,15
t,Ruby,544,39778,785,65,Framework,19
tagainijisho,Python,42,2624,791,10,Framework,1
tagainijisho,Typescript,78,161267,1384,7,Framework,3
tapkulibrary,Objective-C,301,48751,1659,99,Framework,12
tengine,C,205,209379,768,86,Application,34
terminal-notifier,Objective-C,41,663,406,6,Other,8
terracoin,C++,1917,196059,1487,567,Application,83
terracoin,Typescript,66,243095,1296,13,Application,10
the_silver_searcher,C,686,7602,779,154,Framework,42
theos,Perl,218,4409,1621,46,Middleware,2
three.js,Javascript,4534,3960479,1394,975,Library,203
three.js,Python,475,65621,1386,114,Library,44
three20,Objective-C,1215,196995,1586,332,Library,50
three20,Python,32,2457,1586,8,Library,6
tiedot,Go,234,27330,238,38,Database,6
tig,C,1109,26883,2763,317,Application,10
tiled,C++,981,100052,2085,343,Application,14
tiled,Java,29,22185,2046,5,Application,1
tiled,Python,35,3272,2015,3,Application,4
tiled,Typescript,107,66445,2078,19,Application,3
tinyissue,Php,88,107901,438,43,Framework,21
tomahawk,C++,6291,445101,1202,1808,Application,44
tomahawk,Python,37,22665,1196,9,Application,4
tomahawk,Typescript,461,388655,1208,13,Application,15
tools.nrepl,Clojure,176,8763,1049,44,Library,3
topcoat,Javascript,154,209154,361,23,Application,12
tornado,Python,1531,54492,1594,447,Library,139
tourist,Coffeescript,47,2556,246,5,Application,2
tourist,Javascript,49,50002,246,5,Application,3
tower,Coffeescript,837,179562,491,104,Library,24
tower,Javascript,506,355156,795,51,Library,13
tsd,Javascript,207,98561,473,88,Framework,4
tsd,Typescript,223,91004,473,98,Framework,4
tslint,Javascript,143,406062,149,27,CodeAnalyzer,3
tslint,Typescript,194,493817,207,42,CodeAnalyzer,8
tsung,Erlang,988,73170,4553,316,Framework,24
tsuru,Go,5026,161880,677,955,Framework,12
tsuru,Python,57,513,623,11,Framework,4
ttrss,Javascript,45,2871,402,8,Application,2
ttrss,Typescript,59,6210,401,1,Application,3
turbolinks,Coffeescript,167,1052,468,40,Application,29
turbulenz_engine,Javascript,74,397067,145,21,Framework,4
turbulenz_engine,Python,69,3796,187,28,Framework,5
turbulenz_engine,Typescript,417,282846,187,98,Framework,9
twemproxy,C,108,21355,684,22,Middleware,15
twitter-bootstrap-rails,Javascript,33,7391,623,8,Framework,24
twitter-bootstrap-rails,Ruby,154,1989,794,34,Framework,70
twui,Objective-C,303,17558,319,49,Framework,13
typeahead.js,Javascript,108,22060,127,33,Library,11
typed-clojure,Clojure,406,87014,445,48,Library,1
typescript-closure-compiler,Javascript,28,4344,36,8,CodeAnalyzer,1
typescript-closure-compiler,Typescript,48,4758,36,19,CodeAnalyzer,1
typescript-node-definitions,Typescript,152,10413,460,36,CodeAnalyzer,22
typescript.api,Javascript,81,252837,105,11,Library,1
typescript.api,Typescript,141,277191,155,19,Library,1
uikit,Javascript,214,42082,182,57,Framework,11
underscore,Javascript,732,25358,1544,207,Library,124
unetbootin,C++,353,11478,2249,121,Other,6
unetbootin,Typescript,227,455913,2048,61,Other,3
util,Scala,771,60033,1260,138,Other,56
v8,Javascript,2898,414708,2024,1879,Middleware,72
v8,Python,486,27695,2024,229,Middleware,47
vagrant,Ruby,3643,130937,1459,746,Framework,197
veewee,Ruby,965,51007,1162,199,Other,196
vegeta,Go,68,5919,157,13,Library,4
vex,Coffeescript,30,1081,102,7,Library,4
vim-ruby,Ruby,64,2093,3816,26,Other,7
vim.js,C,46,394183,34,5,Application,1
vim.js,Javascript,79,12759,36,9,Application,1
vimerl,Erlang,171,3210,2410,50,Other,13
vimium,Coffeescript,223,6809,1508,59,Framework,21
vimium,Javascript,599,15015,1260,155,Framework,38
visibility.js,Javascript,57,2323,933,16,Library,4
vowpal_wabbit,C#,28,1585,1700,10,Other,8
vowpal_wabbit,C++,36,1613,1652,12,Other,10
wai,Haskell,993,29960,1705,158,Application,50
web,Go,199,10967,1300,51,Application,17
webmachine,Erlang,251,19029,1725,75,Middleware,43
webpy,Python,633,35764,2813,244,Framework,35
websocketd,Go,45,3427,309,10,Middleware,6
whenever,Ruby,185,7539,1766,38,Middleware,31
wintersmith,Coffeescript,182,7056,700,52,CodeAnalyzer,15
wp-svbtle,Php,195,20623,427,119,Middleware,27
wps_i18n,Typescript,221,2344181,201,12,CodeAnalyzer,42
wrk,C,30,55511,566,3,Framework,1
wsdemo,Erlang,66,2096,236,9,Application,3
wsdemo,Python,30,746,31,2,Application,4
wysihtml5,Javascript,117,81237,557,55,CodeAnalyzer,17
xbmc,C,569,4721920,1548,257,Application,84
xbmc,C++,15578,1955387,1579,6725,Application,295
xbmc,Javascript,55,43491,1418,37,Application,15
xbmc,Objective-C,52,10584,1574,22,Application,15
xbmc,Perl,41,19626,1469,7,Application,20
xbmc,Python,82,842976,1484,25,Application,30
xctool,Objective-C,478,56452,262,180,Framework,21
xsbt,Java,100,2015,1269,33,Framework,7
xsbt,Scala,1987,157617,1288,644,Framework,24
yaws,C,46,2246,4225,17,Middleware,6
yaws,Erlang,1382,104068,4358,439,Middleware,43
yeoman,Javascript,423,682137,304,128,Framework,27
yeoman,Python,35,1801,304,9,Framework,5
yesod,Haskell,1834,82699,1665,348,Framework,74
yi,C,29,308,983,4,Application,4
yi,Haskell,4057,255118,3381,853,Application,111
yii,Javascript,239,45029,1812,124,Framework,21
yii,Php,3679,906933,1931,1639,Framework,225
youtube-dl,Python,2360,64878,2008,680,CodeAnalyzer,103
zerorpc-python,Python,88,11640,662,32,Other,13
zetacoin,C++,2020,201753,1615,617,Application,90
zetacoin,Typescript,79,305380,1434,14,Application,10
zeus,Go,157,8878,503,46,Application,7
zeus,Ruby,250,12173,493,72,Application,24
zf2,Php,11737,4336503,1716,4163,Framework,661
zipkin,Javascript,40,62238,487,33,Application,7
zipkin,Ruby,43,8689,588,38,Application,5
zipkin,Scala,245,54100,589,207,Application,8
zombie,Coffeescript,731,52668,1060,181,Framework,65
zombie,Javascript,46,172564,1026,7,Framework,7
zxcvbn,Coffeescript,58,2085,341,11,Library,5
zxcvbn,Javascript,36,159495,429,1,Library,5
